mode,period_s
1,1.0372346291517507
2,0.3057165485193582
3,0.1547113154867235
4,0.09588173972768524
5,0.07797274892342539
6,0.07414816221461185
